{
    "Price-CAT": {
        "Rates": [
            0.040991, 
            0.056188, 
            0.077018, 
            0.10557, 
            0.144708, 
            0.198355, 
            0.27189, 
            0.372687, 
            0.510852, 
            0.700238, 
            0.959834, 
            1.315669, 
            1.803421, 
            2.471995, 
            3.388427, 
            4.644604, 
            6.366478, 
            8.726695, 
            11.961905, 
            16.396488
        ], 
        "SiteCategories": [
            9, 
            9, 
            9, 
            9, 
            9, 
            10, 
            10, 
            10, 
            12, 
            9, 
            10, 
            12, 
            5, 
            10, 
            3, 
            12, 
            11, 
            10, 
            11, 
            12, 
            9, 
            10, 
            10, 
            13, 
            3, 
            12, 
            7, 
            9, 
            8, 
            8, 
            10, 
            10, 
            12, 
            5, 
            6, 
            10, 
            9, 
            11, 
            8, 
            11, 
            10, 
            6, 
            9, 
            9, 
            10, 
            11, 
            11, 
            12, 
            12, 
            11, 
            11, 
            11, 
            9, 
            12, 
            11, 
            11, 
            11, 
            11, 
            10, 
            11, 
            12, 
            11, 
            12, 
            10, 
            11, 
            13, 
            12, 
            12, 
            9, 
            9, 
            11, 
            10, 
            9, 
            10, 
            10, 
            8, 
            13, 
            11, 
            6, 
            12, 
            10, 
            9, 
            10, 
            10, 
            9, 
            8, 
            8, 
            10, 
            7, 
            8, 
            10, 
            11, 
            11, 
            7, 
            11, 
            11, 
            9, 
            9, 
            9, 
            9, 
            9, 
            9, 
            9, 
            12, 
            11, 
            8, 
            8, 
            11, 
            8, 
            8, 
            11, 
            11, 
            11, 
            10, 
            11, 
            10, 
            11, 
            10, 
            11, 
            7, 
            11, 
            13, 
            11, 
            10, 
            12, 
            11, 
            11, 
            10, 
            11, 
            10, 
            14, 
            12, 
            11, 
            12, 
            12, 
            12, 
            12, 
            13, 
            13, 
            12, 
            13, 
            11, 
            12, 
            11, 
            13, 
            13, 
            11, 
            11, 
            11, 
            11, 
            11, 
            11, 
            11, 
            12, 
            11, 
            12, 
            11, 
            13, 
            12, 
            12, 
            12, 
            12, 
            12, 
            13, 
            10, 
            12, 
            9, 
            11, 
            12, 
            11, 
            10, 
            13, 
            10, 
            10, 
            10, 
            9, 
            10, 
            10, 
            10, 
            10, 
            11, 
            11, 
            12, 
            12, 
            10, 
            11, 
            10, 
            12, 
            11, 
            9, 
            9, 
            10, 
            11, 
            11, 
            9, 
            8, 
            11, 
            9, 
            8, 
            9, 
            10, 
            8, 
            10, 
            10, 
            10, 
            9, 
            9, 
            8, 
            10, 
            1, 
            7, 
            11, 
            10, 
            8, 
            5, 
            11, 
            9, 
            9, 
            7, 
            10, 
            11, 
            11, 
            8, 
            11, 
            11, 
            8, 
            13, 
            12, 
            9, 
            11, 
            13, 
            12, 
            11, 
            13, 
            10, 
            10, 
            7, 
            10, 
            12, 
            13, 
            12, 
            13, 
            11, 
            11, 
            10, 
            13, 
            12, 
            11, 
            11, 
            10, 
            13, 
            13, 
            13, 
            12, 
            11, 
            12, 
            11, 
            13, 
            13, 
            10, 
            12, 
            13, 
            13, 
            13, 
            12, 
            13, 
            12, 
            11, 
            11, 
            9, 
            12, 
            9, 
            11, 
            12, 
            12, 
            12, 
            12, 
            11, 
            13, 
            13, 
            12, 
            13, 
            12, 
            12, 
            10, 
            11, 
            9, 
            11, 
            12, 
            11, 
            11, 
            10, 
            10, 
            12, 
            11, 
            11, 
            11, 
            12, 
            11, 
            11, 
            11, 
            13, 
            10, 
            10, 
            12, 
            12, 
            11, 
            11, 
            10, 
            12, 
            10, 
            9, 
            11, 
            12, 
            11, 
            11, 
            11, 
            12, 
            11, 
            10, 
            12, 
            10, 
            10, 
            11, 
            10, 
            13, 
            11, 
            12, 
            12, 
            11, 
            12, 
            12, 
            12, 
            12, 
            13, 
            13, 
            12, 
            12, 
            12, 
            13, 
            12, 
            12, 
            14, 
            12, 
            12, 
            13, 
            13, 
            14, 
            12, 
            13, 
            14, 
            13, 
            13, 
            13, 
            14, 
            13, 
            12, 
            13, 
            12, 
            12, 
            13, 
            14, 
            11, 
            13, 
            13, 
            12, 
            13, 
            14, 
            11, 
            14, 
            12, 
            9, 
            13, 
            12, 
            12, 
            13, 
            14, 
            13, 
            12, 
            12, 
            11, 
            11, 
            11, 
            11, 
            11, 
            12, 
            10, 
            11, 
            9, 
            11, 
            10, 
            13, 
            13, 
            10, 
            10, 
            10, 
            6, 
            12, 
            11, 
            12, 
            8, 
            7, 
            5, 
            8, 
            1, 
            9, 
            9, 
            7, 
            8, 
            8, 
            2, 
            9, 
            5, 
            10, 
            8, 
            7, 
            3, 
            9, 
            9, 
            9, 
            7, 
            9, 
            10, 
            11, 
            9, 
            10, 
            4, 
            9, 
            9, 
            10, 
            10, 
            9, 
            12, 
            10, 
            10, 
            11, 
            9, 
            9, 
            9, 
            9, 
            9, 
            10, 
            10, 
            10, 
            11, 
